Gene Name,CDS Mutation,AA Mutation,Germline classification
FLT3,c.2962G>C,p.A988P,Benign
FLT3,c.1669G>A ,p.V557I,Benign
FLT3,c.1249A>C,p.I417L,Benign
FLT3,c.1073A>T,p.D358V,Benign
FLT3,c.680C>T,p.T227M,Benign
FLT3,c.580G>A ,p.V194M,Benign
FLT3,c.2979G>A,p.S993=,Benign
FLT3,c.2958G>A,p.P986=,Benign
FLT3,c.2415G>A,p.K805=,Benign
FLT3,c.1815T>C ,p.F605=,Benign
FLT3,c.1773C>T,p.Y591=,Benign
FLT3,c.1683A>G,p.L561=,Benign
FLT3,c.1578G>C,p.T526=,Benign
FLT3,c.1278A>G,p.Q426=,Benign
FLT3,c.288C>T,p.D96=,Benign
FLT3,c.96G>C ,p.V32=,Benign
FLT3,c.2918G>A,p.R973Q,Benign
FLT3,c.2893T>C,p.C965R,Benign
FLT3,c.2888C>T,p.S963L,Benign
FLT3,c.2882G>A,p.R961H,Benign
FLT3,c.2823G>A,p.S941=,Benign
FLT3,c.2679G>A,p.P893=,Benign
FLT3,c.2622T>C,p.Y874=,Benign
FLT3,c.2554G>A,p.V852I,Benign
FLT3,c.2448C>T,p.N816=,Benign
FLT3,c.2439C>T,p.A813=,Benign
FLT3,c.2226A>C,p.E742D,Benign
FLT3,c.2205C>T,p.S735=,Benign
FLT3,c.2199A>G,p.P733=,Benign
FLT3,c.2046A>G,p.T682=,Benign
FLT3,c.1926C>T,p.A642=,Benign
FLT3,c.1773C>T,p.Y591=,Benign
FLT3,c.1622A>G,p.N541S,Benign
FLT3,c.1519A>G,p.I507V,Benign
FLT3,c.1423A>C,p.T475P,Benign
FLT3,c.1380A>G,p.P460=,Benign
FLT3,c.1337C>T,p.S446L,Benign
FLT3,c.1032C>T,p.I344=,Benign
FLT3,c.1014A>G,p.Q338=,Benign
FLT3,c.972C>T,p.D324=,Benign
FLT3,c.970G>A,p.D324N,Benign
FLT3,c.2046A>G,p.A813=,Benign
FLT3,c.2046A>G,p.A813=,Benign
FLT3,c.2046A>G,p.A813=,Benign
FLT3,c.2046A>G,p.A813=,Benign
FLT3,c.2046A>G,p.A813=,Benign
FLT3,c.2046A>G,p.A813=,Benign
FLT3,c.1073A>T,p.D324N,Benign
FLT3,c.2046A>G,p.A813=,Benign
FLT3,c.2046A>G,p.A813=,Benign
FLT3,c.2046A>G,p.A813=,Benign
FLT3,c.2046A>G,p.A813=,Benign
FLT3,c.2046A>G,p.A813=,Benign
FLT3,c.2046A>G,p.A813=,Benign
FLT3,c.2046A>G,p.A813=,Benign
FLT3,c.2046A>G,p.A813=,Benign
FLT3,c.2046A>G,p.A813=,Benign
FLT3,c.1073A>T,p.D324N,Benign
FLT3,c.2046A>G,p.A813=,Benign
FLT3,c.2046A>G,p.A813=,Benign
FLT3,c.2046A>G,p.A813=,Benign
FLT3,c.1073A>T,p.D324N,Benign
FLT3,c.2046A>G,p.A813=,Benign
FLT3,c.2046A>G,p.A813=,Benign
FLT3,c.1073A>T,p.D324N,Benign
FLT3,c.2046A>G,p.A813=,Benign
FLT3,c.2046A>G,p.A813=,Benign
FLT3,c.2046A>G,p.A813=,Benign
FLT3,c.2046A>G,p.A813=,Benign
FLT3,c.2046A>G,p.A813=,Benign
FLT3,c.2046A>G,p.A813=,Benign
FLT3,c.2046A>G,p.A813=,Benign
FLT3,c.2046A>G,p.A813=,Benign
FLT3,c.2046A>G,p.A813=,Benign
FLT3,c.2046A>G,p.A813=,Benign
FLT3,c.2046A>G,p.A813=,Benign
FLT3,c.2046A>G,p.A813=,Benign
FLT3,c.2046A>G,p.A813=,Benign
FLT3,c.1073A>T,p.D324N,Benign
FLT3,c.2046A>G,p.A813=,Benign
FLT3,c.2046A>G,p.A813=,Benign
FLT3,c.2046A>G,p.A813=,Benign
FLT3,c.2046A>G,p.A813=,Benign
FLT3,c.1073A>T,p.D324N,Benign
FLT3,c.2046A>G,p.A813=,Benign
FLT3,c.2046A>G,p.A813=,Benign
FLT3,c.2046A>G,p.A813=,Benign
FLT3,c.2046A>G,p.A813=,Benign
FLT3,c.1073A>T,p.D324N,Benign
FLT3,c.2046A>G,p.A813=,Benign
FLT3,c.2046A>G,p.A813=,Benign
FLT3,c.2046A>G,p.A813=,Benign
FLT3,c.2046A>G,p.A813=,Benign
FLT3,c.1073A>T,p.D324N,Benign
FLT3,c.1073A>T,p.D324N,Benign
FLT3,c.1073A>T,p.D324N,Benign
FLT3,c.1073A>T,p.D324N,Benign
FLT3,c.2046A>G,p.A813=,Benign
FLT3,c.2046A>G,p.A813=,Benign
FLT3,c.2046A>G,p.A813=,Benign
FLT3,c.1073A>T,p.D324N,Benign
FLT3,c.2046A>G,p.A813=,Benign
FLT3,c.2046A>G,p.A813=,Benign
FLT3,c.2046A>G,p.A813=,Benign
FLT3,c.2046A>G,p.A813=,Benign
FLT3,c.2046A>G,p.A813=,Benign
FLT3,c.2046A>G,p.A813=,Benign
FLT3,c.2046A>G,p.A813=,Benign
FLT3,c.2046A>G,p.A813=,Benign
FLT3,c.2046A>G,p.A813=,Benign
FLT3,c.2046A>G,p.A813=,Benign
FLT3,c.2046A>G,p.A813=,Benign
FLT3,c.2046A>G,p.A813=,Benign
FLT3,c.2046A>G,p.A813=,Benign
FLT3,c.2046A>G,p.A813=,Benign
FLT3,c.2046A>G,p.A813=,Benign
FLT3,c.1073A>T,p.D324N,Benign
FLT3,c.2046A>G,p.A813=,Benign
FLT3,c.2046A>G,p.A813=,Benign
FLT3,c.2046A>G,p.A813=,Benign
FLT3,c.2046A>G,p.A813=,Benign
FLT3,c.2046A>G,p.A813=,Benign
FLT3,c.2046A>G,p.A813=,Benign
FLT3,c.2046A>G,p.A813=,Benign
FLT3,c.2046A>G,p.A813=,Benign
FLT3,c.2046A>G,p.A813=,Benign
FLT3,c.2046A>G,p.A813=,Benign
FLT3,c.2046A>G,p.A813=,Benign
FLT3,c.2046A>G,p.A813=,Benign
FLT3,c.2046A>G,p.A813=,Benign
FLT3,c.1073A>T,p.D324N,Benign
FLT3,c.1073A>T,p.D324N,Benign
FLT3,c.2046A>G,p.A813=,Benign
FLT3,c.2046A>G,p.A813=,Benign
FLT3,c.2046A>G,p.A813=,Benign
FLT3,c.1073A>T,p.D324N,Benign
FLT3,c.2046A>G,p.A813=,Benign
FLT3,c.2046A>G,p.A813=,Benign
FLT3,c.2046A>G,p.A813=,Benign
FLT3,c.2046A>G,p.A813=,Benign
FLT3,c.1073A>T,p.D324N,Benign
FLT3,c.1073A>T,p.D324N,Benign
FLT3,c.2046A>G,p.A813=,Benign
FLT3,c.2046A>G,p.A813=,Benign
FLT3,c.2046A>G,p.A813=,Benign
FLT3,c.2046A>G,p.A813=,Benign
FLT3,c.1073A>T,p.D324N,Benign
FLT3,c.2046A>G,p.A813=,Benign
FLT3,c.2046A>G,p.A813=,Benign
FLT3,c.2046A>G,p.A813=,Benign
FLT3,c.1073A>T,p.D324N,Benign
FLT3,c.2046A>G,p.A813=,Benign
FLT3,c.1073A>T,p.D324N,Benign
FLT3,c.2046A>G,p.A813=,Benign
FLT3,c.2046A>G,p.A813=,Benign
FLT3,c.2046A>G,p.A813=,Benign
FLT3,c.2046A>G,p.A813=,Benign
FLT3,c.2046A>G,p.A813=,Benign
FLT3,c.2046A>G,p.A813=,Benign
FLT3,c.2046A>G,p.A813=,Benign
FLT3,c.2046A>G,p.A813=,Benign
FLT3,c.2046A>G,p.A813=,Benign
FLT3,c.2046A>G,p.A813=,Benign
FLT3,c.2046A>G,p.A813=,Benign
FLT3,c.2046A>G,p.A813=,Benign
FLT3,c.2046A>G,p.A813=,Benign
FLT3,c.2046A>G,p.A813=,Benign
FLT3,c.2046A>G,p.A813=,Benign
FLT3,c.2046A>G,p.A813=,Benign
FLT3,c.2046A>G,p.A813=,Benign
FLT3,c.1073A>T,p.D324N,Benign
FLT3,c.2046A>G,p.A813=,Benign
FLT3,c.2046A>G,p.A813=,Benign
FLT3,c.2046A>G,p.A813=,Benign
FLT3,c.2046A>G,p.A813=,Benign
FLT3,c.2046A>G,p.A813=,Benign
FLT3,c.2046A>G,p.A813=,Benign
FLT3,c.2046A>G,p.A813=,Benign
FLT3,c.2046A>G,p.A813=,Benign
FLT3,c.2046A>G,p.A813=,Benign
FLT3,c.2046A>G,p.A813=,Benign
FLT3,c.2046A>G,p.A813=,Benign
FLT3,c.2046A>G,p.A813=,Benign
FLT3,c.1073A>T,p.D324N,Benign
FLT3,c.1073A>T,p.D324N,Benign
FLT3,c.2046A>G,p.A813=,Benign
FLT3,c.2046A>G,p.A813=,Benign
FLT3,c.2046A>G,p.A813=,Benign
FLT3,c.2046A>G,p.A813=,Benign
FLT3,c.2046A>G,p.A813=,Benign
FLT3,c.2046A>G,p.A813=,Benign
FLT3,c.2046A>G,p.A813=,Benign
FLT3,c.2046A>G,p.A813=,Benign
FLT3,c.2046A>G,p.A813=,Benign
FLT3,c.2046A>G,p.A813=,Benign
FLT3,c.2046A>G,p.A813=,Benign
FLT3,c.2046A>G,p.A813=,Benign
FLT3,c.1073A>T,p.D324N,Benign
FLT3,c.2046A>G,p.A813=,Benign
FLT3,c.2046A>G,p.A813=,Benign
FLT3,c.1073A>T,p.D324N,Benign
FLT3,c.2046A>G,p.A813=,Benign
FLT3,c.2046A>G,p.A813=,Benign
FLT3,c.2046A>G,p.A813=,Benign
FLT3,c.2046A>G,p.A813=,Benign
FLT3,c.2046A>G,p.A813=,Benign
FLT3,c.2046A>G,p.A813=,Benign
FLT3,c.2046A>G,p.A813=,Benign
FLT3,c.2046A>G,p.A813=,Benign
FLT3,c.2046A>G,p.A813=,Benign
FLT3,c.2046A>G,p.A813=,Benign
FLT3,c.1073A>T,p.D324N,Benign
FLT3,c.1073A>T,p.D324N,Benign
FLT3,c.2046A>G,p.A813=,Benign
FLT3,c.1073A>T,p.D324N,Benign
FLT3,c.2046A>G,p.A813=,Benign
FLT3,c.2046A>G,p.A813=,Benign
FLT3,c.2046A>G,p.A813=,Benign
FLT3,c.1073A>T,p.D324N,Benign
FLT3,c.1073A>T,p.D324N,Benign
FLT3,c.2046A>G,p.A813=,Benign
FLT3,c.2046A>G,p.A813=,Benign
FLT3,c.2046A>G,p.A813=,Benign
FLT3,c.2046A>G,p.A813=,Benign
FLT3,c.2046A>G,p.A813=,Benign
FLT3,c.2046A>G,p.A813=,Benign
FLT3,c.1073A>T,p.D324N,Benign
FLT3,c.1073A>T,p.D324N,Benign
FLT3,c.2046A>G,p.A813=,Benign
FLT3,c.2046A>G,p.A813=,Benign
FLT3,c.1073A>T,p.D324N,Benign
FLT3,c.2046A>G,p.A813=,Benign
FLT3,c.1073A>T,p.D324N,Benign
FLT3,c.2046A>G,p.A813=,Benign
FLT3,c.2046A>G,p.A813=,Benign
FLT3,c.2046A>G,p.A813=,Benign
FLT3,c.2046A>G,p.A813=,Benign
FLT3,c.2046A>G,p.A813=,Benign
FLT3,c.1073A>T,p.D324N,Benign
FLT3,c.1073A>T,p.D324N,Benign
FLT3,c.2046A>G,p.A813=,Benign
FLT3,c.2046A>G,p.A813=,Benign
FLT3,c.2046A>G,p.A813=,Benign
FLT3,c.2046A>G,p.A813=,Benign
FLT3,c.2046A>G,p.A813=,Benign
FLT3,c.1073A>T,p.D324N,Benign
FLT3,c.2046A>G,p.A813=,Benign
FLT3,c.2046A>G,p.A813=,Benign
FLT3,c.2046A>G,p.A813=,Benign
FLT3,c.2046A>G,p.A813=,Benign
FLT3,c.2046A>G,p.A813=,Benign
FLT3,c.1073A>T,p.D324N,Benign
FLT3,c.2046A>G,p.A813=,Benign
FLT3,c.2046A>G,p.A813=,Benign
FLT3,c.1073A>T,p.D324N,Benign
FLT3,c.2046A>G,p.A813=,Benign
FLT3,c.2046A>G,p.A813=,Benign
FLT3,c.2046A>G,p.A813=,Benign
FLT3,c.1073A>T,p.D324N,Benign
FLT3,c.2046A>G,p.A813=,Benign
FLT3,c.2046A>G,p.A813=,Benign
FLT3,c.2046A>G,p.A813=,Benign
FLT3,c.2046A>G,p.A813=,Benign
FLT3,c.2046A>G,p.A813=,Benign
FLT3,c.2046A>G,p.A813=,Benign
FLT3,c.2046A>G,p.A813=,Benign
FLT3,c.2046A>G,p.A813=,Benign
FLT3,c.2046A>G,p.A813=,Benign
FLT3,c.2046A>G,p.A813=,Benign
FLT3,c.2046A>G,p.A813=,Benign
FLT3,c.2046A>G,p.A813=,Benign
FLT3,c.1073A>T,p.D324N,Benign
FLT3,c.2046A>G,p.A813=,Benign
FLT3,c.2046A>G,p.A813=,Benign
FLT3,c.2046A>G,p.A813=,Benign
FLT3,c.1073A>T,p.D324N,Benign
FLT3,c.2046A>G,p.A813=,Benign
FLT3,c.1073A>T,p.D324N,Benign
FLT3,c.2046A>G,p.A813=,Benign
FLT3,c.2046A>G,p.A813=,Benign
FLT3,c.2046A>G,p.A813=,Benign
FLT3,c.2046A>G,p.A813=,Benign
FLT3,c.1073A>T,p.D324N,Benign
FLT3,c.1073A>T,p.D324N,Benign
FLT3,c.1073A>T,p.D324N,Benign
FLT3,c.2046A>G,p.A813=,Benign
FLT3,c.2046A>G,p.A813=,Benign
FLT3,c.2046A>G,p.A813=,Benign
FLT3,c.2046A>G,p.A813=,Benign
FLT3,c.2046A>G,p.A813=,Benign
FLT3,c.2046A>G,p.A813=,Benign
FLT3,c.2046A>G,p.A813=,Benign
FLT3,c.2046A>G,p.A813=,Benign
FLT3,c.2046A>G,p.A813=,Benign
FLT3,c.2046A>G,p.A813=,Benign
FLT3,c.2046A>G,p.A813=,Benign
FLT3,c.2046A>G,p.A813=,Benign
FLT3,c.1073A>T,p.D324N,Benign
FLT3,c.2046A>G,p.A813=,Benign
FLT3,c.1073A>T,p.D324N,Benign
FLT3,c.2504A>T,p.D835V,Pathogenic
FLT3,c.2504A>C,p.D835A,Pathogenic
FLT3,c.2504A>T,p.D835V,Pathogenic
FLT3,c.2517T>A,p.D839E,Pathogenic
FLT3,c.2503G>T,p.D835Y,Pathogenic
FLT3,c.2503G>T,p.D835Y,Pathogenic
FLT3,c.1111G>A,p.V371I,Pathogenic
FLT3,c.2503G>T,p.D835Y,Pathogenic
FLT3,c.2503G>T,p.D835Y,Pathogenic
FLT3,c.2525A>G,p.Y842C,Pathogenic
FLT3,c.2533A>G,p.R845G,Pathogenic
FLT3,c.2503G>C,p.D835H,Pathogenic
FLT3,c.2028C>A,p.N676K,Pathogenic
FLT3,c.1715A>G,p.Y572C,Pathogenic
FLT3,c.2027A>C,p.N676T,Pathogenic
FLT3,c.2503G>T,p.D835Y,Pathogenic
FLT3,c.2505T>A,p.D835E,Pathogenic
FLT3,c.2505T>G,p.D835E,Pathogenic
FLT3,c.1670T>C,p.V557A,Pathogenic
FLT3,c.2503G>C,p.D835H,Pathogenic
FLT3,c.2503G>T,p.D835Y,Pathogenic
FLT3,c.1471G>C,p.V491L,Pathogenic
FLT3,c.2503G>A,p.D835N,Pathogenic
FLT3,c.2596A>G,p.T866A,Pathogenic
FLT3,c.2503G>T,p.D835Y,Pathogenic
FLT3,c.2503G>T,p.D835Y,Pathogenic
FLT3,c.2505T>G,p.D835E,Pathogenic
FLT3,c.2503G>T,p.D835Y,Pathogenic
FLT3,c.2501G>A,p.R834Q,Pathogenic
FLT3,c.2503G>T,p.D835Y,Pathogenic
FLT3,c.2503G>T,p.D835Y,Pathogenic
FLT3,c.2503G>A,p.D835N,Pathogenic
FLT3,c.2505T>A,p.D835E,Pathogenic
FLT3,c.2028C>A,p.N676K,Pathogenic
FLT3,c.2516A>G,p.D839G,Pathogenic
FLT3,c.2503G>T,p.D835Y,Pathogenic
FLT3,c.2503G>T,p.D835Y,Pathogenic
FLT3,c.2211G>C,p.M737I,Pathogenic
FLT3,c.1736T>A,p.V579E,Pathogenic
FLT3,c.2050T>C,p.S684P,Pathogenic
FLT3,c.1727T>C,p.L576P,Pathogenic
FLT3,c.2503G>T,p.D835Y,Pathogenic
FLT3,c.2503G>T,p.D835Y,Pathogenic
FLT3,c.2503G>T,p.D835Y,Pathogenic
FLT3,c.2503G>A,p.D835N,Pathogenic
FLT3,c.2503G>T,p.D835Y,Pathogenic
FLT3,c.1471G>C,p.V491L,Pathogenic
FLT3,c.2504A>T,p.D835V,Pathogenic
FLT3,c.2525A>G,p.Y842C,Pathogenic
FLT3,c.2503G>C,p.D835H,Pathogenic
FLT3,c.2503G>T,p.D835Y,Pathogenic
FLT3,c.2503G>T,p.D835Y,Pathogenic
FLT3,c.2504A>C,p.D835A,Pathogenic
FLT3,c.1471G>T,p.V491L,Pathogenic
FLT3,c.2505T>G,p.D835E,Pathogenic
FLT3,c.2504A>T,p.D835V,Pathogenic
FLT3,c.2503G>T,p.D835Y,Pathogenic
FLT3,c.1352C>T,p.S451F,Pathogenic
FLT3,c.2503G>T,p.D835Y,Pathogenic
FLT3,c.1733T>C,p.M578T,Pathogenic
FLT3,c.2503G>T,p.D835Y,Pathogenic
FLT3,c.2516A>G,p.D839G,Pathogenic
FLT3,c.2503G>T,p.D835Y,Pathogenic
FLT3,c.2503G>C,p.D835H,Pathogenic
FLT3,c.2504A>T,p.D835V,Pathogenic
FLT3,c.2503G>T,p.D835Y,Pathogenic
FLT3,c.2504A>T,p.D835V,Pathogenic
FLT3,c.1349C>T,p.A450V,Pathogenic
FLT3,c.2503G>T,p.D835Y,Pathogenic
FLT3,c.2504A>T,p.D835V,Pathogenic
FLT3,c.499A>G,p.T167A,Pathogenic
FLT3,c.2505T>G,p.D835E,Pathogenic
FLT3,c.2503G>T,p.D835Y,Pathogenic
FLT3,c.2503G>T,p.D835Y,Pathogenic
FLT3,c.2503G>T,p.D835Y,Pathogenic
FLT3,c.2504A>C,p.D835A,Pathogenic
FLT3,c.2504A>T,p.D835V,Pathogenic
FLT3,c.1715A>G,p.Y572C,Pathogenic
FLT3,c.2503G>C,p.D835H,Pathogenic
FLT3,c.2503G>T,p.D835Y,Pathogenic
FLT3,c.2441C>T,p.A814V,Pathogenic
FLT3,c.2028C>A,p.N676K,Pathogenic
FLT3,c.2523C>A,p.N841K,Pathogenic
FLT3,c.2503G>C,p.D835H,Pathogenic
FLT3,c.2503G>C,p.D835H,Pathogenic
FLT3,c.2505T>A,p.D835E,Pathogenic
FLT3,c.2039C>T,p.A680V,Pathogenic
FLT3,c.2503G>C,p.D835H,Pathogenic
FLT3,c.2028C>A,p.N676K,Pathogenic
FLT3,c.2503G>T,p.D835Y,Pathogenic
FLT3,c.1992G>A,p.M664I,Pathogenic
FLT3,c.215C>T,p.S72L,Pathogenic
FLT3,c.1715A>G,p.Y572C,Pathogenic
FLT3,c.2503G>T,p.D835Y,Pathogenic
FLT3,c.2508C>G,p.I836M,Pathogenic
FLT3,c.2503G>T,p.D835Y,Pathogenic
FLT3,c.2522A>C,p.N841T,Pathogenic
FLT3,c.2516A>G,p.D839G,Pathogenic
FLT3,c.2503G>T,p.D835Y,Pathogenic
FLT3,c.2504A>T,p.D835V,Pathogenic
FLT3,c.2503G>T,p.D835Y,Pathogenic
FLT3,c.2503G>T,p.D835Y,Pathogenic
FLT3,c.1724A>C,p.Q575P,Pathogenic
FLT3,c.2505T>G,p.D835E,Pathogenic
FLT3,c.2503G>T,p.D835Y,Pathogenic
FLT3,c.2533A>G,p.R845G,Pathogenic
FLT3,c.1073A>C,p.D358A,Pathogenic
FLT3,c.2503G>T,p.D835Y,Pathogenic
FLT3,c.2503G>T,p.D835Y,Pathogenic
FLT3,c.1744A>G,p.T582A,Pathogenic
FLT3,c.499A>G,p.T167A,Pathogenic
FLT3,c.1471G>C,p.V491L,Pathogenic
FLT3,c.1471G>C,p.V491L,Pathogenic
FLT3,c.1796A>G,p.Y599C,Pathogenic
FLT3,c.1715A>G,p.Y572C,Pathogenic
FLT3,c.2504A>T,p.D835V,Pathogenic
FLT3,c.1987A>C,p.K663Q,Pathogenic
FLT3,c.1669G>A,p.V557I,Pathogenic
FLT3,c.2028C>A,p.N676K,Pathogenic
FLT3,c.2504A>T,p.D835V,Pathogenic
FLT3,c.2503G>T,p.D835Y,Pathogenic
FLT3,c.2028C>A,p.N676K,Pathogenic
FLT3,c.2503G>C,p.D835H,Pathogenic
FLT3,c.686T>A,p.I229K,Pathogenic
FLT3,c.1790A>T,p.Y597F,Pathogenic
FLT3,c.2508C>G,p.I836M,Pathogenic
FLT3,c.1352C>T,p.S451F,Pathogenic
FLT3,c.2504A>T,p.D835V,Pathogenic
FLT3,c.1775T>C,p.V592A,Pathogenic
FLT3,c.1352C>T,p.S451F,Pathogenic
FLT3,c.2503G>C,p.D835H,Pathogenic
FLT3,c.2516A>G,p.D839G,Pathogenic
FLT3,c.20A>G,p.D7G,Pathogenic
FLT3,c.2503G>T,p.D835Y,Pathogenic
FLT3,c.2503G>T,p.D835Y,Pathogenic
FLT3,c.1775T>G,p.V592G,Pathogenic
FLT3,c.2503G>T,p.D835Y,Pathogenic
FLT3,c.2505T>A,p.D835E,Pathogenic
FLT3,c.2503G>T,p.D835Y,Pathogenic
FLT3,c.55G>T,p.A19S,Pathogenic
FLT3,c.1715A>G,p.Y572C,Pathogenic
FLT3,c.2505T>A,p.D835E,Pathogenic
FLT3,c.2516A>G,p.D839G,Pathogenic
FLT3,c.2503G>T,p.D835Y,Pathogenic
FLT3,c.2028C>A,p.N676K,Pathogenic
FLT3,c.1352C>T,p.S451F,Pathogenic
FLT3,c.2503G>C,p.D835H,Pathogenic
FLT3,c.2503G>T,p.D835Y,Pathogenic
FLT3,c.2492G>A,p.G831E,Pathogenic
FLT3,c.2501G>A,p.R834Q,Pathogenic
FLT3,c.2978C>G,p.S993W,Pathogenic
FLT3,c.2503G>C,p.D835H,Pathogenic
FLT3,c.2503G>T,p.D835Y,Pathogenic
FLT3,c.2504A>T,p.D835V,Pathogenic
FLT3,c.2503G>T,p.D835Y,Pathogenic
FLT3,c.2503G>T,p.D835Y,Pathogenic
FLT3,c.1727T>C,p.L576P,Pathogenic
FLT3,c.2503G>T,p.D835Y,Pathogenic
FLT3,c.2503G>T,p.D835Y,Pathogenic
FLT3,c.2504A>T,p.D835V,Pathogenic
FLT3,c.2503G>C,p.D835H,Pathogenic
FLT3,c.2045C>T,p.T682I,Pathogenic
FLT3,c.2503G>T,p.D835Y,Pathogenic
FLT3,c.2507T>C,p.I836T,Pathogenic
FLT3,c.2503G>T,p.D835Y,Pathogenic
FLT3,c.2503G>T,p.D835Y,Pathogenic
FLT3,c.2503G>T,p.D835Y,Pathogenic
FLT3,c.1730A>C,p.Q577P,Pathogenic
FLT3,c.20A>G,p.D7G,Pathogenic
FLT3,c.2503G>T,p.D835Y,Pathogenic
FLT3,c.2501G>A,p.R834Q,Pathogenic
FLT3,c.1727T>A,p.L576Q,Pathogenic
FLT3,c.2505T>G,p.D835E,Pathogenic
FLT3,c.2504A>T,p.D835V,Pathogenic
FLT3,c.2516A>G,p.D839G,Pathogenic
FLT3,c.2505T>G,p.D835E,Pathogenic
FLT3,c.2505T>G,p.D835E,Pathogenic
FLT3,c.1471G>T,p.V491L,Pathogenic
FLT3,c.1736T>C,p.V579A,Pathogenic
FLT3,c.2028C>A,p.N676K,Pathogenic
FLT3,c.2503G>T,p.D835Y,Pathogenic
FLT3,c.2523C>A,p.N841K,Pathogenic
FLT3,c.2503G>T,p.D835Y,Pathogenic
FLT3,c.2503G>T,p.D835Y,Pathogenic
FLT3,c.2503G>T,p.D835Y,Pathogenic
FLT3,c.2503G>T,p.D835Y,Pathogenic
FLT3,c.2504A>T,p.D835V,Pathogenic
FLT3,c.1034T>C,p.V345A,Pathogenic
FLT3,c.2503G>T,p.D835Y,Pathogenic
FLT3,c.2516A>G,p.D839G,Pathogenic
FLT3,c.20A>G,p.D7G,Pathogenic
FLT3,c.2516A>G,p.D839G,Pathogenic
FLT3,c.2503G>T,p.D835Y,Pathogenic
FLT3,c.2503G>C,p.D835H,Pathogenic
FLT3,c.2503G>T,p.D835Y,Pathogenic
FLT3,c.1471G>T,p.V491L,Pathogenic
FLT3,c.1801C>T,p.L601F,Pathogenic
FLT3,c.2503G>C,p.D835H,Pathogenic
FLT3,c.1774G>A,p.V592I,Pathogenic
FLT3,c.2027A>G,p.N676S,Pathogenic
FLT3,c.2503G>C,p.D835H,Pathogenic
FLT3,c.2503G>C,p.D835H,Pathogenic
FLT3,c.2503G>T,p.D835Y,Pathogenic
FLT3,c.2028C>A,p.N676K,Pathogenic
FLT3,c.1072G>A,p.D358N,Pathogenic
FLT3,c.2505T>G,p.D835E,Pathogenic
FLT3,c.20A>G,p.D7G,Pathogenic
FLT3,c.2505T>G,p.D835E,Pathogenic
FLT3,c.2503G>T,p.D835Y,Pathogenic
FLT3,c.1718A>G,p.E573G,Pathogenic
FLT3,c.2503G>T,p.D835Y,Pathogenic
FLT3,c.2516A>G,p.D839G,Pathogenic
FLT3,c.286G>A,p.D96N,Pathogenic
FLT3,c.2523C>A,p.N841K,Pathogenic
FLT3,c.2503G>T,p.D835Y,Pathogenic
FLT3,c.2503G>T,p.D835Y,Pathogenic
FLT3,c.2504A>T,p.D835V,Pathogenic
FLT3,c.2503G>T,p.D835Y,Pathogenic
FLT3,c.2503G>T,p.D835Y,Pathogenic
FLT3,c.2028C>A,p.N676K,Pathogenic
FLT3,c.2503G>C,p.D835H,Pathogenic
FLT3,c.2503G>T,p.D835Y,Pathogenic
FLT3,c.1471G>C,p.V491L,Pathogenic
FLT3,c.2503G>T,p.D835Y,Pathogenic
FLT3,c.2505T>G,p.D835E,Pathogenic
FLT3,c.196G>A,p.A66T,Pathogenic
FLT3,c.1471G>C,p.V491L,Pathogenic
FLT3,c.1519A>G,p.I507V,Pathogenic
FLT3,c.1992G>T,p.M664I,Pathogenic
FLT3,c.1992G>T,p.M664I,Pathogenic
FLT3,c.2503G>C,p.D835H,Pathogenic
FLT3,c.1471G>T,p.V491L,Pathogenic
FLT3,c.2503G>T,p.D835Y,Pathogenic
FLT3,c.1481A>T,p.Q494L,Pathogenic
FLT3,c.1270G>A,p.D424N,Pathogenic
FLT3,c.1775T>G,p.V592G,Pathogenic
FLT3,c.2504A>T,p.D835V,Pathogenic
FLT3,c.2503G>T,p.D835Y,Pathogenic
FLT3,c.2503G>C,p.D835H,Pathogenic
FLT3,c.2503G>T,p.D835Y,Pathogenic
FLT3,c.2503G>T,p.D835Y,Pathogenic
FLT3,c.1775T>A,p.V592D,Pathogenic
FLT3,c.2503G>T,p.D835Y,Pathogenic
FLT3,c.2522A>T,p.N841I,Pathogenic
FLT3,c.2503G>T,p.D835Y,Pathogenic
FLT3,c.2503G>T,p.D835Y,Pathogenic
FLT3,c.1517C>T,p.A506V,Pathogenic
FLT3,c.2504A>T,p.D835V,Pathogenic
FLT3,c.1683A>G,p.L561=,Pathogenic
FLT3,c.20A>G,p.D7G,Pathogenic
FLT3,c.1771T>G,p.Y591D,Pathogenic
FLT3,c.2503G>T,p.D835Y,Pathogenic
FLT3,c.2503G>T,p.D835Y,Pathogenic
FLT3,c.2028C>A,p.N676K,Pathogenic
FLT3,c.2503G>T,p.D835Y,Pathogenic
FLT3,c.2350A>G,p.T784A,Pathogenic
FLT3,c.2028C>A,p.N676K,Pathogenic
FLT3,c.2504A>T,p.D835V,Pathogenic
FLT3,c.2503G>T,p.D835Y,Pathogenic
FLT3,c.1935G>A,p.M645I,Pathogenic
FLT3,c.2504A>T,p.D835V,Pathogenic
FLT3,c.2503G>T,p.D835Y,Pathogenic
FLT3,c.2028C>A,p.N676K,Pathogenic
FLT3,c.2503G>A,p.D835N,Pathogenic
FLT3,c.2503G>T,p.D835Y,Pathogenic
FLT3,c.2504A>T,p.D835V,Pathogenic
FLT3,c.1727T>C,p.L576P,Pathogenic
FLT3,c.2503G>T,p.D835Y,Pathogenic
FLT3,c.2503G>T,p.D835Y,Pathogenic
FLT3,c.1775T>A,p.V592D,Pathogenic
FLT3,c.2546G>A,p.R849H,Pathogenic
FLT3,c.2502A>G,p.R834=,Pathogenic
FLT3,c.1796A>T,p.Y599F,Pathogenic
FLT3,c.2503G>T,p.D835Y,Pathogenic
FLT3,c.2542G>C,p.A848P,Pathogenic
FLT3,c.2920C>T,p.P974S,Pathogenic
FLT3,c.2503G>C,p.D835H,Pathogenic
FLT3,c.2503G>C,p.D835H,Pathogenic
FLT3,c.1727T>C,p.L576P,Pathogenic
FLT3,c.2188C>T,p.Q730*,Pathogenic
FLT3,c.2503G>T,p.D835Y,Pathogenic
FLT3,c.2516A>G,p.D839G,Pathogenic
FLT3,c.2504A>T,p.D835V,Pathogenic
FLT3,c.2503G>C,p.D835H,Pathogenic
FLT3,c.2503G>C,p.D835H,Pathogenic
FLT3,c.1669G>A,p.V557I,Pathogenic
FLT3,c.1992G>C,p.M664I,Pathogenic
FLT3,c.2503G>T,p.D835Y,Pathogenic
FLT3,c.2522A>C,p.N841T,Pathogenic
FLT3,c.2504A>T,p.D835V,Pathogenic
FLT3,c.2503G>T,p.D835Y,Pathogenic
FLT3,c.2505T>G,p.D835E,Pathogenic
FLT3,c.2503G>T,p.D835Y,Pathogenic
FLT3,c.2503G>T,p.D835Y,Pathogenic
FLT3,c.2503G>T,p.D835Y,Pathogenic
FLT3,c.2504A>T,p.D835V,Pathogenic
FLT3,c.1780T>C,p.F594L,Pathogenic
FLT3,c.2516A>G,p.D839G,Pathogenic
FLT3,c.2523C>A,p.N841K,Pathogenic
FLT3,c.1796A>T,p.Y599F,Pathogenic
